<?xml version="1.0" encoding="UTF-8"?>
<configuration>

    <appender name="AGENT" class="ch.qos.logback.core.FileAppender">
        <File>logs/agent.log</File>
        <Append>false</Append>
        <Encoding>UTF-8</Encoding>
        <BufferedIO>false</BufferedIO>
        <ImmediateFlush>true</ImmediateFlush>
        <layout class="ch.qos.logback.classic.PatternLayout">
            <Pattern>
                %date [%thread] %-5level %logger{35} - %msg%n
            </Pattern>
        </layout>
    </appender>
    <root>
        <appender-ref ref="AGENT" />
    </root>
    <logger name="agent">
        <level value="DEBUG" />
    </logger>
</configuration>